[
  {
    "name": "Viewers (YT, Twitch, BiliBili)",
    "code": "concurrent-viewers",
    "type": "concurrent-viewers",
    "isOriginal": true,
    "indexFile": null,
    "assetFile": "asset1.json",
    "presetFile": "preset1.json",
    "cssFile": "preset1.css",
    "presetId": 1,
    "position": 0
  },
  {
    "name": "Followers (Twitch)",
    "code": "concurrent-followers",
    "type": "concurrent-viewers",
    "isOriginal": true,
    "indexFile": "index2.html",
    "assetFile": "asset1.json",
    "presetFile": "preset2.json",
    "cssFile": "preset1.css",
    "presetId": 2,
    "position": 1
  },
  {
    "name": "Likes (YT)",
    "code": "concurrent-like",
    "type": "concurrent-viewers",
    "isOriginal": true,
    "indexFile": "index3.html",
    "assetFile": "asset1.json",
    "presetFile": "preset3.json",
    "cssFile": "preset1.css",
    "presetId": 3,
    "position": 2
  },
  {
    "name": "Total Views (Bilibili)",
    "code": "concurrent-total",
    "type": "concurrent-viewers",
    "isOriginal": true,
    "indexFile": "index4.html",
    "assetFile": "asset1.json",
    "presetFile": "preset4.json",
    "cssFile": "preset1.css",
    "presetId": 4,
    "position": 3
  },
  {
    "name": "Viewers-Cyan (YT, Twitch, BiliBili)",
    "code": "concurrent-viewers",
    "type": "concurrent-viewers",
    "isOriginal": true,
    "indexFile": null,
    "assetFile": "asset1.json",
    "presetFile": "preset5.json",
    "cssFile": "preset1.css",
    "presetId": 5,
    "position": 4
  },
  {
    "name": "Viewers-浅鳳仙紫 (YT, Twitch, BiliBili)",
    "code": "concurrent-viewers",
    "type": "concurrent-viewers",
    "isOriginal": true,
    "indexFile": null,
    "assetFile": "asset1.json",
    "presetFile": "preset6.json",
    "cssFile": "preset1.css",
    "presetId": 6,
    "position": 5
  },
  {
    "name": "Viewers-Lemonchiffon (YT, Twitch, BiliBili)",
    "code": "concurrent-viewers",
    "type": "concurrent-viewers",
    "isOriginal": true,
    "indexFile": null,
    "assetFile": "asset1.json",
    "presetFile": "preset7.json",
    "cssFile": "preset1.css",
    "presetId": 7,
    "position": 6
  },
  {
    "name": "Viewers-群青色 (YT, Twitch, BiliBili)",
    "code": "concurrent-viewers",
    "type": "concurrent-viewers",
    "isOriginal": true,
    "indexFile": null,
    "assetFile": "asset1.json",
    "presetFile": "preset8.json",
    "cssFile": "preset1.css",
    "presetId": 8,
    "position": 7
  },
  {
    "name": "Viewers-淡紅色  (YT, Twitch, BiliBili)",
    "code": "concurrent-viewers",
    "type": "concurrent-viewers",
    "isOriginal": true,
    "indexFile": null,
    "assetFile": "asset1.json",
    "presetFile": "preset9.json",
    "cssFile": "preset1.css",
    "presetId": 9,
    "position": 8
  },
  {
    "name": "Viewers-草黄  (YT, Twitch, BiliBili)",
    "code": "concurrent-viewers",
    "type": "concurrent-viewers",
    "isOriginal": true,
    "indexFile": null,
    "assetFile": "asset1.json",
    "presetFile": "preset10.json",
    "cssFile": "preset1.css",
    "presetId": 10,
    "position": 9
  },
  {
    "name": "Viewers-香色 (YT, Twitch, BiliBili)",
    "code": "concurrent-viewers",
    "type": "concurrent-viewers",
    "isOriginal": true,
    "indexFile": null,
    "assetFile": "asset1.json",
    "presetFile": "preset11.json",
    "cssFile": "preset1.css",
    "presetId": 11,
    "position": 10
  },
  {
    "name": "Viewers-Mizuiro (YT, Twitch, BiliBili)",
    "code": "concurrent-viewers",
    "type": "concurrent-viewers",
    "isOriginal": true,
    "indexFile": null,
    "assetFile": "asset1.json",
    "presetFile": "preset12.json",
    "cssFile": "preset1.css",
    "presetId": 12,
    "position": 11
  },
  {
    "name": "Viewers-葱緑 (YT, Twitch, BiliBili)",
    "code": "concurrent-viewers",
    "type": "concurrent-viewers",
    "isOriginal": true,
    "indexFile": null,
    "assetFile": "asset1.json",
    "presetFile": "preset13.json",
    "cssFile": "preset1.css",
    "presetId": 13,
    "position": 12
  },
  {
    "name": "Viewers-Canari (YT, Twitch, BiliBili)",
    "code": "concurrent-viewers",
    "type": "concurrent-viewers",
    "isOriginal": true,
    "indexFile": null,
    "assetFile": "asset1.json",
    "presetFile": "preset14.json",
    "cssFile": "preset1.css",
    "presetId": 14,
    "position": 13
  },
  {
    "name": "Viewers-海棠色  (YT, Twitch, BiliBili)",
    "code": "concurrent-viewers",
    "type": "concurrent-viewers",
    "isOriginal": true,
    "indexFile": null,
    "assetFile": "asset1.json",
    "presetFile": "preset15.json",
    "cssFile": "preset1.css",
    "presetId": 15,
    "position": 14
  },
  {
    "name": "Viewers-Pink-Transparent (YT, Twitch, BiliBili)",
    "code": "concurrent-viewers",
    "type": "concurrent-viewers",
    "isOriginal": true,
    "indexFile": null,
    "assetFile": "asset1.json",
    "presetFile": "preset16.json",
    "cssFile": "preset1.css",
    "presetId": 16,
    "position": 15
  },
  {
    "name": "Likes-Lime (YT)",
    "code": "concurrent-like",
    "type": "concurrent-viewers",
    "isOriginal": true,
    "indexFile": "index3.html",
    "assetFile": "asset1.json",
    "presetFile": "preset17.json",
    "cssFile": "preset1.css",
    "presetId": 17,
    "position": 16
  },
  {
    "name": "Likes-Orange (YT)",
    "code": "concurrent-like",
    "type": "concurrent-viewers",
    "isOriginal": true,
    "indexFile": "index3.html",
    "assetFile": "asset1.json",
    "presetFile": "preset18.json",
    "cssFile": "preset1.css",
    "presetId": 18,
    "position": 17
  },
  {
    "name": "Likes-章丹 (YT)",
    "code": "concurrent-like",
    "type": "concurrent-viewers",
    "isOriginal": true,
    "indexFile": "index3.html",
    "assetFile": "asset1.json",
    "presetFile": "preset19.json",
    "cssFile": "preset1.css",
    "presetId": 19,
    "position": 18
  },
  {
    "name": "Likes-若竹色 (YT)",
    "code": "concurrent-like",
    "type": "concurrent-viewers",
    "isOriginal": true,
    "indexFile": "index3.html",
    "assetFile": "asset1.json",
    "presetFile": "preset20.json",
    "cssFile": "preset1.css",
    "presetId": 20,
    "position": 19
  },
  {
    "name": "Likes-Lime-Transparent (YT)",
    "code": "concurrent-like",
    "type": "concurrent-viewers",
    "isOriginal": true,
    "indexFile": "index3.html",
    "assetFile": "asset1.json",
    "presetFile": "preset21.json",
    "cssFile": "preset1.css",
    "presetId": 21,
    "position": 20
  },
  {
    "name": "Followers-藤色 (Twitch)",
    "code": "concurrent-followers",
    "type": "concurrent-viewers",
    "isOriginal": true,
    "indexFile": "index2.html",
    "assetFile": "asset1.json",
    "presetFile": "preset22.json",
    "cssFile": "preset1.css",
    "presetId": 22,
    "position": 21
  },
  {
    "name": "Followers-白梅鼠 (Twitch)",
    "code": "concurrent-followers",
    "type": "concurrent-viewers",
    "isOriginal": true,
    "indexFile": "index2.html",
    "assetFile": "asset1.json",
    "presetFile": "preset23.json",
    "cssFile": "preset1.css",
    "presetId": 23,
    "position": 22
  },
  {
    "name": "Followers-Skyblue (Twitch)",
    "code": "concurrent-followers",
    "type": "concurrent-viewers",
    "isOriginal": true,
    "indexFile": "index2.html",
    "assetFile": "asset1.json",
    "presetFile": "preset24.json",
    "cssFile": "preset1.css",
    "presetId": 24,
    "position": 23
  },
  {
    "name": "Followers-Hotpink (Twitch)",
    "code": "concurrent-followers",
    "type": "concurrent-viewers",
    "isOriginal": true,
    "indexFile": "index2.html",
    "assetFile": "asset1.json",
    "presetFile": "preset25.json",
    "cssFile": "preset1.css",
    "presetId": 25,
    "position": 24
  },
  {
    "name": "Total Views-Tokigaratya (Bilibili)",
    "code": "concurrent-total",
    "type": "concurrent-viewers",
    "isOriginal": true,
    "indexFile": "index4.html",
    "assetFile": "asset1.json",
    "presetFile": "preset26.json",
    "cssFile": "preset1.css",
    "presetId": 26,
    "position": 25
  },
  {
    "name": "Total Views-勿忘草色 (Bilibili)",
    "code": "concurrent-total",
    "type": "concurrent-viewers",
    "isOriginal": true,
    "indexFile": "index4.html",
    "assetFile": "asset1.json",
    "presetFile": "preset27.json",
    "cssFile": "preset1.css",
    "presetId": 27,
    "position": 26
  },
  {
    "name": "Total Views-苦瓜緑 (Bilibili)",
    "code": "concurrent-total",
    "type": "concurrent-viewers",
    "isOriginal": true,
    "indexFile": "index4.html",
    "assetFile": "asset1.json",
    "presetFile": "preset28.json",
    "cssFile": "preset1.css",
    "presetId": 28,
    "position": 27
  },
  {
    "name": "Total Views-淡黄 (Bilibili)",
    "code": "concurrent-total",
    "type": "concurrent-viewers",
    "isOriginal": true,
    "indexFile": "index4.html",
    "assetFile": "asset1.json",
    "presetFile": "preset29.json",
    "cssFile": "preset1.css",
    "presetId": 29,
    "position": 28
  }
]